model,split,MAE,RMSE,R2,n
ridge,train,0.06021,0.089592,0.006935,69013
ridge,val,0.056282,0.090921,0.00304,10359
ridge,test,0.063443,0.094527,0.002592,9358
