model,split,MAE,RMSE,R2,n
ridge,train,0.040376,0.084225,0.000287,79630
ridge,val,0.042064,0.084528,6.6e-05,12493
ridge,test,0.041642,0.074347,0.000535,12227
