model,split,MAE,RMSE,R2,n
ridge,val,0.042065,0.084529,4.2e-05,12493
ridge,test,0.041642,0.074347,0.000523,12227
